{"cameraMode":{"drawMode":0,"name":"Shaded","section":"Shading Mode"},"sceneLighting":true,"audioPlay":false,"sceneViewState":{"m_AlwaysRefresh":false,"showFog":true,"showSkybox":true,"showFlares":true,"showImageEffects":true,"showParticleSystems":true,"showVisualEffectGraphs":true,"m_FxEnabled":true},"in2DMode":false,"pivot":{"x":0.27537086606025698,"y":-20.63458251953125,"z":44.49228286743164},"rotation":{"x":-0.02556261047720909,"y":-0.902955174446106,"z":-0.054242417216300967,"w":0.42553290724754336},"size":20.169353485107423,"orthographic":true}