{"cameraMode":{"drawMode":0,"name":"Shaded","section":"Shading Mode"},"sceneLighting":false,"audioPlay":false,"sceneViewState":{"m_AlwaysRefresh":false,"showFog":true,"showSkybox":false,"showFlares":true,"showImageEffects":true,"showParticleSystems":true,"showVisualEffectGraphs":true,"m_FxEnabled":true},"in2DMode":false,"pivot":{"x":0.09476122260093689,"y":0.7190062403678894,"z":-0.4078580141067505},"rotation":{"x":-0.3056652843952179,"y":0.6171813607215881,"z":-0.2825375199317932,"w":-0.6677061915397644},"size":0.8002918362617493,"orthographic":true}