{"cameraMode":{"drawMode":0,"name":"Shaded","section":"Shading Mode"},"sceneLighting":true,"audioPlay":false,"sceneViewState":{"m_AlwaysRefresh":false,"showFog":true,"showSkybox":true,"showFlares":true,"showImageEffects":true,"showParticleSystems":true,"showVisualEffectGraphs":true,"m_FxEnabled":true},"in2DMode":false,"pivot":{"x":0.40590977668762209,"y":1.1872669458389283,"z":-0.6425187587738037},"rotation":{"x":-0.23070105910301209,"y":-0.009635481983423233,"z":0.002285206923261285,"w":-0.9729738831520081},"size":2.5039076805114748,"orthographic":true}