{"cameraMode":{"drawMode":0,"name":"Shaded","section":"Shading Mode"},"sceneLighting":true,"audioPlay":false,"sceneViewState":{"m_AlwaysRefresh":false,"showFog":true,"showSkybox":true,"showFlares":true,"showImageEffects":true,"showParticleSystems":true,"showVisualEffectGraphs":true,"m_FxEnabled":true},"in2DMode":false,"pivot":{"x":-0.05678841471672058,"y":10.838605880737305,"z":-2.691748857498169},"rotation":{"x":-0.5756992101669312,"y":-0.16573934257030488,"z":0.12054265290498734,"w":-0.7915623188018799},"size":4.787189960479736,"orthographic":true}