{"cameraMode":{"drawMode":0,"name":"Shaded","section":"Shading Mode"},"sceneLighting":true,"audioPlay":false,"sceneViewState":{"m_AlwaysRefresh":false,"showFog":true,"showSkybox":true,"showFlares":true,"showImageEffects":true,"showParticleSystems":true,"showVisualEffectGraphs":true,"m_FxEnabled":true},"in2DMode":false,"pivot":{"x":-1.2173978090286255,"y":1.1477686166763306,"z":0.9164042472839356},"rotation":{"x":-0.10196172446012497,"y":-0.8967117071151733,"z":0.2776896059513092,"w":-0.3292502462863922},"size":0.8304276466369629,"orthographic":false}